project_name,lang,build_command,github_url,clean_rep1,clean_rep2,clean_rep3,clean_rep4,clean_rep5,clean_rep6,clean_rep7,clean_rep8,clean_median,ebpf_rep1,ebpf_rep2,ebpf_rep3,ebpf_rep4,ebpf_rep5,ebpf_rep6,ebpf_rep7,ebpf_rep8,ebpf_median,ratio,delta_sec
Aeraki Mesh,go,make build,https://github.com/aeraki-mesh/aeraki,153.706,141.459,141.785,141.761,141.433,141.505,143.208,141.765,141.763,154.691,154.356,154.556,154.441,154.939,154.857,155.094,155.214,154.774,1.0918,13.011
Antrea,go,make bin,https://github.com/antrea-io/antrea,64.859,63.942,63.808,64.021,64.944,64.495,64.402,63.502,64.212,71.182,70.997,70.444,71.609,70.834,71.089,70.954,70.399,70.975,1.1053,6.764
atlantis,go,make build-service,https://github.com/runatlantis/atlantis,31.102,30.197,30.578,30.186,30.880,30.180,30.134,30.086,30.191,33.216,32.904,33.116,33.123,33.482,33.119,33.005,33.369,33.121,1.0970,2.929
Bank-Vaults,go,make build,https://github.com/bank-vaults/bank-vaults,60.061,60.291,60.567,60.021,60.178,60.994,60.268,60.222,60.245,66.511,66.535,66.773,66.304,66.686,66.771,66.750,66.678,66.682,1.1068,6.437
BFE,go,make build,https://github.com/bfenetworks/bfe,19.417,18.466,19.217,18.570,19.154,18.724,19.360,18.774,18.964,22.094,21.924,21.540,23.441,23.719,22.025,23.242,22.618,22.356,1.1789,3.392
Buildpack,go,make build,https://github.com/buildpacks/pack,26.849,26.708,26.907,26.824,26.974,26.587,26.413,26.643,26.766,30.153,30.529,29.962,30.754,30.159,29.833,29.582,30.235,30.156,1.1267,3.390
Cadence Workflow,go,make build,https://github.com/cadence-workflow/cadence,141.073,139.475,139.800,140.327,141.292,137.634,140.003,139.493,139.901,153.134,156.450,155.236,156.511,154.835,155.677,154.084,155.348,155.292,1.1100,15.391
Capsule,go,go build -o bin/manager ./cmd/controller/,https://github.com/projectcapsule/capsule,47.065,46.557,46.393,46.998,46.775,46.535,46.083,46.564,46.561,50.172,49.445,50.214,49.640,50.147,50.138,50.071,50.048,50.105,1.0761,3.544
Cartography,python,uv build,https://github.com/cartography-cncf/cartography,10.670,9.326,9.575,9.261,10.479,9.279,10.611,9.238,9.450,11.727,11.934,11.546,13.046,11.757,12.134,11.597,12.573,11.845,1.2534,2.395
Cedar,rust,cargo build --release --all-features,https://github.com/cedar-policy/cedar,79.038,77.607,77.003,78.752,79.507,77.582,76.812,77.066,77.594,89.847,87.049,86.121,91.515,90.443,87.135,85.874,86.030,87.092,1.1224,9.498
cert-manager,go,make server-binaries,https://github.com/cert-manager/cert-manager,318.082,316.273,318.344,317.294,318.410,315.256,316.937,326.398,317.688,327.860,327.190,326.477,330.273,327.287,328.187,325.879,387.317,327.573,1.0311,9.885
ChaosMesh,go,make local/chaos-controller-manager,https://github.com/chaos-mesh/chaos-mesh,63.447,62.293,63.276,64.473,63.454,63.108,62.967,62.901,63.192,68.428,69.220,69.826,68.590,69.576,68.782,67.435,69.533,69.001,1.0919,5.809
cilium,go,make build,https://github.com/cilium/cilium,265.726,268.218,266.788,268.007,268.550,264.357,262.197,263.754,266.257,282.442,277.492,278.008,290.187,280.563,275.121,278.285,278.413,278.349,1.0454,12.092
cloud-custodian,python,make pkg-build-wheel,https://github.com/cloud-custodian/cloud-custodian,7.873,7.019,7.311,7.092,7.264,7.020,6.905,7.070,7.081,10.677,11.528,11.311,14.440,14.337,10.641,14.243,12.449,11.989,1.6931,4.908
CloudNativePG,go,make build,https://github.com/cloudnative-pg/cloudnative-pg,85.121,81.565,81.591,81.930,83.694,82.021,81.158,81.060,81.761,89.679,90.904,89.706,94.663,91.440,91.530,89.725,90.152,90.528,1.1072,8.767
Clusternet,go,make binaries,https://github.com/clusternet/clusternet,71.432,67.487,68.209,67.969,68.368,67.247,69.389,67.048,68.089,71.643,72.209,71.168,71.809,71.536,74.531,71.337,73.264,71.726,1.0534,3.637
Clusterpedia,go,make all,https://github.com/clusterpedia-io/clusterpedia,125.700,121.087,123.162,119.029,124.344,119.292,121.564,119.391,121.326,132.489,131.286,128.841,129.535,127.394,131.236,127.296,129.491,129.513,1.0675,8.188
CNI,go,go build -o ./bin/cnitool ./cnitool/,https://github.com/containernetworking/cni,9.813,9.675,9.520,9.745,9.951,9.794,9.692,9.881,9.770,10.143,10.053,10.079,10.201,10.280,10.713,10.027,10.329,10.172,1.0412,0.402
container2wasm,go,make build,https://github.com/container2wasm/container2wasm,14.287,13.612,14.233,13.599,14.661,13.445,13.751,13.673,13.712,15.046,14.668,14.557,14.706,14.590,14.726,14.357,14.626,14.647,1.0682,0.935
containerd,go,make all,https://github.com/containerd/containerd,49.696,49.188,49.545,49.103,49.110,47.634,48.306,47.530,49.106,50.675,51.227,50.044,53.265,49.454,50.283,49.914,50.952,50.479,1.0279,1.373
ContainerSSH,go,go build,https://github.com/containerssh/containerssh,29.903,29.157,28.971,29.017,28.959,29.259,29.191,29.590,29.174,32.206,31.819,31.814,31.382,31.853,31.614,31.331,31.587,31.714,1.0871,2.540
contour,go,make build,https://github.com/projectcontour/contour,42.340,40.686,40.701,40.382,41.668,39.945,40.788,40.217,40.694,44.145,44.438,43.626,44.512,44.726,45.203,44.506,44.923,44.509,1.0938,3.816
copacetic,go,make build,https://github.com/project-copacetic/copacetic,22.144,22.143,21.876,21.771,21.790,21.340,22.045,22.132,21.961,23.265,23.508,23.218,23.653,23.430,23.769,23.211,23.884,23.469,1.0687,1.508
CoreDNS,go,make,https://github.com/coredns/coredns,45.594,44.685,45.068,44.481,44.699,45.709,43.657,44.005,44.692,50.184,50.171,49.705,50.429,51.240,53.607,51.461,51.162,50.796,1.1366,6.104
Cortex,go,make BUILD_IN_CONTAINER=false dist,https://github.com/cortexproject/cortex,194.248,192.459,193.406,194.242,192.040,190.827,191.351,193.370,192.915,210.736,208.566,208.621,208.887,209.178,213.602,207.653,207.920,208.754,1.0821,15.840
cri-o,go,make binaries,https://github.com/cri-o/cri-o,60.163,59.608,59.980,60.273,60.208,60.181,59.750,60.148,60.156,63.893,64.431,63.883,64.722,64.626,67.178,64.461,65.689,64.543,1.0729,4.388
cubefs,go,make all,https://github.com/cubeFS/cubefs,211.200,210.646,209.892,208.161,210.508,208.029,209.741,208.387,209.817,219.060,220.849,218.463,219.151,216.231,216.179,216.055,216.808,217.635,1.0373,7.819
Dex,go,make build,https://github.com/dexidp/dex,51.070,50.617,51.366,50.662,51.320,51.082,51.451,51.096,51.089,53.163,52.936,52.854,53.062,53.275,53.576,53.320,53.638,53.219,1.0417,2.130
Distribution,go,make binaries,https://github.com/distribution/distribution,26.511,26.116,25.970,26.068,26.152,26.087,25.709,26.025,26.078,28.039,29.103,28.215,29.894,28.816,29.684,29.297,29.629,29.200,1.1197,3.123
dragonfly,go,make build-manager-server,https://github.com/dragonflyoss/dragonfly,41.185,41.116,40.838,41.143,40.514,40.391,40.750,41.089,40.963,44.667,44.078,43.979,44.156,43.964,44.220,43.945,44.931,44.117,1.0770,3.154
Easegress,go,make build,https://github.com/easegress-io/easegress,65.503,64.927,65.171,65.083,64.371,65.419,64.779,65.259,65.127,71.536,71.604,71.814,72.394,71.380,71.564,71.475,72.122,71.584,1.0991,6.457
emissary,go,go build -o ./bin/ ./cmd/...,https://github.com/emissary-ingress/emissary,41.449,41.326,41.110,40.868,40.791,40.520,41.190,40.936,41.023,44.842,45.282,45.099,44.619,44.677,45.829,44.818,45.550,44.971,1.0962,3.948
Eraser,go,make build,https://github.com/eraser-dev/eraser,54.311,51.581,53.633,50.634,53.126,50.726,53.453,51.622,52.374,54.632,57.210,54.659,56.486,55.231,56.183,54.475,56.944,55.707,1.0636,3.333
external-secrets,go,make build-amd64,https://github.com/external-secrets/external-secrets,111.768,107.209,109.697,107.825,111.445,107.351,108.224,107.002,108.025,121.107,118.978,116.407,119.846,123.103,119.862,118.304,119.167,119.507,1.1063,11.482
Fluid,go,make build,https://github.com/fluid-cloudnative/fluid,388.417,381.141,382.703,379.501,385.130,375.864,379.274,379.404,380.321,372.892,375.941,373.726,376.709,372.952,374.152,368.789,378.172,373.939,0.9832,-6.382
flux2,go,make build,https://github.com/fluxcd/flux2,51.997,50.130,51.461,49.971,51.514,49.413,51.019,50.439,50.729,55.496,54.685,53.207,54.509,53.070,54.462,54.371,54.297,54.416,1.0727,3.688
HAMi,go,make build,https://github.com/Project-HAMi/HAMi,53.316,51.789,51.938,51.536,51.970,51.986,51.212,51.394,51.864,54.790,55.397,54.986,54.844,55.402,55.657,55.243,55.255,55.249,1.0653,3.386
Headlamp,go,make backend,https://github.com/kubernetes-sigs/headlamp,44.736,43.591,43.878,44.192,44.098,43.792,44.103,44.085,44.091,49.328,49.568,49.302,50.171,50.212,48.954,50.140,49.178,49.448,1.1215,5.357
Higress,go,make build,https://github.com/higress-group/higress,98.282,87.857,91.926,87.497,98.087,88.656,88.828,88.355,88.742,109.799,108.186,103.479,108.954,107.075,114.468,102.499,105.748,107.631,1.2128,18.889
HwameiStor,go,make compile,https://github.com/hwameistor/hwameistor,291.000,284.521,284.381,284.726,284.623,282.107,282.674,287.620,284.572,296.728,295.545,293.440,295.544,293.103,295.687,293.774,302.206,295.544,1.0386,10.972
in-toto,python,python -m build,https://github.com/in-toto/in-toto,9.821,9.774,9.657,9.742,9.744,9.695,9.699,9.653,9.721,10.856,10.975,10.795,10.986,10.779,10.814,10.760,10.745,10.805,1.1115,1.084
Inspektor Gadget,go,make ig,https://github.com/inspektor-gadget/inspektor-gadget,44.659,44.149,44.001,43.678,44.174,44.284,44.168,43.790,44.159,48.050,49.577,48.432,47.992,48.872,48.112,48.374,48.437,48.403,1.0961,4.245
Interlink,go,make all,https://github.com/interlink-hq/interLink,41.653,41.404,41.860,42.556,41.694,41.573,41.262,41.904,41.674,44.996,43.891,43.747,49.004,43.462,44.581,43.749,44.131,44.011,1.0561,2.337
Jaeger,go,make build-binaries,https://github.com/jaegertracing/jaeger,137.404,136.329,137.320,135.745,135.438,134.734,136.427,133.695,136.037,147.604,148.154,146.908,148.705,147.408,146.373,146.734,148.009,147.506,1.0843,11.469
k8gb,go,make k8gb,https://github.com/k8gb-io/k8gb,78.305,64.676,66.043,65.604,64.725,64.810,64.957,64.768,64.883,70.139,69.971,71.028,70.044,69.538,70.572,69.480,70.314,70.091,1.0803,5.208
K8sGPT,go,make build,https://github.com/k8sgpt-ai/k8sgpt,60.743,61.699,60.477,60.630,61.017,60.316,60.537,60.597,60.614,67.447,67.618,66.601,67.105,67.583,67.459,67.135,67.023,67.291,1.1102,6.677
K8up,go,make build,https://github.com/k8up-io/k8up,78.468,75.406,76.468,75.755,75.527,74.959,75.304,74.887,75.466,80.024,79.720,79.986,79.802,88.375,79.720,80.205,79.029,79.894,1.0587,4.428
Kaito,go,make build-workspace,https://github.com/kaito-project/kaito,65.463,63.821,64.401,64.214,63.874,63.836,64.256,63.923,64.069,71.530,71.826,71.129,72.018,71.775,72.166,72.248,71.822,71.824,1.1211,7.755
kanister,go,DOCKER_BUILD=false /usr/bin/make build BIN=controller ARCH=amd64 && DOCKER_BUILD=false /usr/bin/make build BIN=kanctl ARCH=amd64 && DOCKER_BUILD=false /usr/bin/make build BIN=kando ARCH=amd64,https://github.com/kanisterio/kanister,104.048,103.613,103.119,102.934,102.837,103.034,102.945,102.441,102.989,109.599,109.460,108.413,109.726,108.261,108.509,108.162,108.942,108.725,1.0557,5.736
Karmada,go,make all,https://github.com/karmada-io/karmada,125.751,123.308,124.998,124.634,125.606,122.254,122.350,124.396,124.515,129.907,130.053,130.223,135.465,131.461,129.513,132.607,131.386,130.805,1.0505,6.290
kcl,rust,make build,https://github.com/kcl-lang/kcl,288.425,287.953,285.399,284.209,285.812,285.321,285.069,286.569,285.606,301.557,303.985,301.820,302.419,302.374,300.423,300.880,304.254,302.097,1.0577,16.491
kcp,go,make build,https://github.com/kcp-dev/kcp,127.574,123.357,125.464,125.384,125.119,124.057,124.540,123.151,124.829,136.020,138.322,137.894,138.846,137.696,138.109,136.619,136.988,137.795,1.1039,12.966
Keda,go,make build,https://github.com/kedacore/keda,203.258,200.249,203.543,199.963,199.245,199.659,201.604,200.330,200.290,218.814,216.326,215.490,219.347,216.707,215.841,217.095,216.176,216.517,1.0810,16.227
kepler,go,make build,https://github.com/sustainable-computing-io/kepler,40.086,39.565,39.427,38.802,39.590,39.437,39.192,39.447,39.442,41.788,41.754,41.702,41.594,41.424,41.590,41.472,41.899,41.648,1.0559,2.206
keylime,python,python3 -m build --sdist --wheel --outdir dist/ .,https://github.com/keylime/keylime,11.320,11.373,11.109,11.124,11.303,11.184,11.274,11.187,11.230,12.536,12.718,12.746,12.716,12.676,12.555,12.630,12.675,12.675,1.1287,1.445
Kgateway,go,/usr/bin/make kgateway && /usr/bin/make sds && /usr/bin/make envoyinit,https://github.com/kgateway-dev/kgateway,91.262,88.501,90.305,89.516,92.585,89.660,88.633,89.844,89.752,100.231,94.884,93.920,96.235,98.817,97.472,97.008,97.146,97.077,1.0816,7.325
ko,go,go build -o ko .,https://github.com/ko-build/ko,27.522,27.317,27.651,26.949,27.341,27.450,27.193,28.209,27.395,31.642,30.888,30.519,31.025,30.979,31.049,30.610,30.857,30.934,1.1291,3.538
koordinator,go,make build,https://github.com/koordinator-sh/koordinator,214.301,119.766,120.890,119.517,121.607,117.718,120.899,120.649,120.769,187.108,127.084,127.818,128.169,131.740,126.771,126.460,128.147,127.982,1.0597,7.213
kpt,go,make build,https://github.com/kptdev/kpt,46.263,46.772,46.005,46.070,46.285,46.007,46.585,45.920,46.166,48.890,49.541,49.016,50.774,49.761,49.665,49.667,49.930,49.666,1.0758,3.499
KServe,go,make manager,https://github.com/kserve/kserve,251.975,244.204,249.150,244.274,256.091,243.590,247.619,245.614,246.617,265.345,273.680,266.233,270.222,267.708,268.209,265.872,264.404,266.971,1.0825,20.354
kuadrant,go,make build,https://github.com/kuadrant/kuadrant-operator,73.291,72.431,73.274,72.725,73.107,72.527,72.460,72.120,72.626,80.510,79.794,80.305,79.159,80.290,80.079,80.407,79.609,80.184,1.1041,7.558
kube-burner,go,make build,https://github.com/kube-burner/kube-burner,46.888,47.563,47.062,47.047,46.545,46.979,46.920,47.149,47.013,51.639,51.256,50.667,50.459,50.628,50.192,50.420,50.759,50.648,1.0773,3.635
kube-ovn,go,make build-go,https://github.com/kubeovn/kube-ovn,102.168,102.051,100.182,100.211,101.776,99.697,98.847,99.470,100.197,109.279,109.720,105.952,105.949,109.092,106.276,106.339,106.891,106.615,1.0641,6.419
kube-vip,go,make build,https://github.com/kube-vip/kube-vip,39.889,39.520,39.055,38.934,39.400,39.153,39.303,39.127,39.228,41.685,41.922,41.667,41.528,41.734,41.611,41.489,41.648,41.657,1.0619,2.430
KubeClipper,go,make build,https://github.com/kubeclipper/kubeclipper,54.089,53.434,54.088,53.408,54.039,53.309,54.160,53.773,53.906,57.862,57.755,57.409,57.440,57.793,57.424,57.631,57.358,57.535,1.0673,3.629
kubefleet,go,make build,https://github.com/kubefleet-dev/kubefleet,103.813,102.370,101.275,101.689,102.748,100.836,101.617,103.393,102.029,111.821,112.487,110.608,110.302,110.197,108.794,110.204,110.932,110.455,1.0826,8.426
Kubescape,go,make all,https://github.com/kubescape/kubescape,107.291,105.002,104.663,104.820,104.906,104.186,105.711,105.719,104.954,115.504,118.012,117.180,116.598,118.154,117.933,116.433,117.809,117.495,1.1195,12.540
kubestellar,go,make build,https://github.com/kubestellar/kubestellar,38.789,38.689,38.605,38.106,38.078,38.229,38.508,38.281,38.395,41.114,41.784,41.138,41.721,41.585,41.645,41.468,41.854,41.615,1.0839,3.221
Kubevela,go,make build,https://github.com/kubevela/kubevela,129.292,129.916,130.799,128.399,130.005,128.196,132.805,128.278,129.604,139.229,139.777,139.593,140.941,139.667,139.138,142.305,139.771,139.719,1.0780,10.115
kudo,go,make manager-fast,https://github.com/kudobuilder/kudo,31.860,25.145,25.354,25.105,25.962,24.826,25.176,25.289,25.233,26.006,27.290,26.772,26.854,26.815,26.652,26.231,26.961,26.794,1.0619,1.561
kuma,go,make build,https://github.com/kumahq/kuma,85.551,84.212,84.925,84.487,85.298,84.261,84.828,84.215,84.657,90.683,91.104,90.311,91.345,91.369,92.543,91.107,92.956,91.226,1.0776,6.569
kusionStack,go,make build-local-linux,https://github.com/KusionStack/kusion,167.861,145.051,158.934,147.219,167.540,145.220,160.946,146.939,153.077,162.139,176.371,160.712,180.958,164.162,178.319,161.517,179.124,170.267,1.1123,17.190
Lima,go,make binaries,https://github.com/lima-vm/lima,157.205,156.388,157.114,156.024,156.255,155.310,157.665,155.641,156.322,154.774,155.531,155.850,155.341,155.141,155.637,155.543,155.200,155.436,0.9943,-0.886
Logging Operator,go,make manager,https://github.com/kube-logging/logging-operator,62.167,60.625,60.039,60.381,61.442,60.423,59.931,60.788,60.524,66.110,65.885,66.107,65.668,65.117,65.082,65.125,64.964,65.397,1.0805,4.873
LoxiLB,go,make,https://github.com/loxilb-io/loxilb,42.899,42.650,42.521,42.294,43.800,44.127,43.154,42.163,42.775,45.489,46.060,47.408,45.579,45.609,45.697,46.931,45.398,45.653,1.0673,2.879
NATS,go,CGO_ENABLED=0 go build .,https://github.com/nats-io/nats-server,21.260,20.585,20.956,20.270,20.831,20.334,20.474,20.482,20.534,23.514,21.749,21.858,21.903,22.182,22.296,21.504,21.962,21.932,1.0681,1.399
Notary Project,go,make build,https://github.com/notaryproject/notation,11.249,10.706,11.169,10.900,11.047,11.000,10.862,10.890,10.950,11.686,11.744,11.806,12.022,11.940,11.975,11.707,11.733,11.775,1.0753,0.825
OAuth2 Proxy,go,make build,https://github.com/oauth2-proxy/oauth2-proxy,23.983,24.374,24.766,25.612,23.958,24.184,24.079,24.625,24.279,25.598,26.119,25.367,26.226,25.460,26.240,26.101,25.579,25.849,1.0647,1.570
Open Cluster Management,go,make build,https://github.com/open-cluster-management-io/ocm,92.414,87.546,87.160,87.530,89.861,90.418,87.103,87.522,87.538,100.123,96.682,95.379,96.964,100.005,100.097,95.307,99.428,98.196,1.1218,10.658
Open Policy Containers,go,make deps && make build,https://github.com/opcr-io/policy,91.203,90.530,92.965,90.178,95.042,89.754,92.388,109.710,91.796,96.555,98.334,96.051,98.570,96.772,104.759,97.456,107.151,97.895,1.0664,6.100
OpenChoreo,go,make go.build,https://github.com/openchoreo/openchoreo,84.878,84.275,83.618,83.434,83.971,83.463,83.081,83.523,83.570,90.035,88.164,87.041,88.475,87.753,87.616,87.201,87.309,87.684,1.0492,4.114
Opencost,go,make go/bin,https://github.com/opencost/opencost,80.398,79.805,78.207,79.933,79.837,79.330,81.006,80.644,79.885,89.130,90.374,88.955,89.247,89.715,88.300,89.872,89.820,89.481,1.1201,9.596
OpenFGA,go,make build,https://github.com/openfga/openfga,43.647,42.868,43.164,42.882,42.990,42.741,42.659,42.777,42.875,46.863,46.401,45.952,46.307,46.098,46.858,46.376,46.481,46.389,1.0819,3.514
OpenFunction,go,make binary,https://github.com/OpenFunction/OpenFunction,28.019,27.461,28.038,27.837,27.878,27.644,28.011,27.930,27.904,29.459,29.777,29.560,29.864,29.607,29.745,29.567,30.072,29.676,1.0635,1.772
openGemini,go,make go-build,https://github.com/openGemini/openGemini,99.548,99.029,98.116,98.892,99.211,98.280,99.120,99.178,99.075,101.290,102.347,100.938,102.698,101.381,101.098,101.225,101.610,101.335,1.0228,2.261
OpenKruise,go,make build,https://github.com/openkruise/kruise,127.061,124.111,125.069,122.419,127.156,123.351,122.953,123.672,123.892,135.802,136.432,132.677,132.398,136.178,132.708,131.087,132.489,132.692,1.0710,8.801
OpenYurt,go,make build,https://github.com/openyurtio/openyurt,74.409,72.887,73.961,73.423,74.103,73.000,73.050,73.084,73.254,77.326,77.524,78.112,77.461,76.943,78.308,76.603,78.074,77.493,1.0579,4.239
Operator Framework,go,make build,https://github.com/operator-framework/operator-sdk,65.592,49.441,50.004,49.998,50.043,49.723,50.456,49.192,50.001,55.321,56.053,56.540,56.143,57.577,58.229,57.452,55.701,56.341,1.1268,6.340
Thanos,go,make build,https://github.com/thanos-io/thanos,59.042,58.686,59.206,58.279,59.282,58.736,58.335,56.776,58.711,64.441,64.768,64.648,64.580,63.277,74.331,62.975,63.979,64.511,1.0988,5.800
The Update Framework (TUF),python,python -m build,https://github.com/theupdateframework/python-tuf,53.316,9.612,9.642,9.815,9.886,9.631,9.842,9.723,9.769,11.129,10.866,10.805,11.062,10.886,11.007,10.793,10.883,10.884,1.1142,1.115
vitess,go,make build,https://github.com/vitessio/vitess,81.723,75.291,75.888,75.545,83.857,77.977,78.080,75.204,76.933,90.663,87.753,87.499,88.846,90.948,91.933,87.798,88.111,88.478,1.1501,11.546
Volcano,go,make all,https://github.com/volcano-sh/volcano,118.577,116.480,116.940,114.865,118.136,114.557,114.579,115.372,115.926,122.735,121.298,120.355,120.225,123.231,119.575,118.864,119.675,120.290,1.0376,4.364
wasmcloud,rust,cargo build --release,https://github.com/wasmCloud/wasmCloud,342.407,328.310,332.378,327.657,328.646,325.704,324.944,323.784,327.983,362.787,356.033,362.889,360.404,356.678,360.642,354.380,358.893,359.649,1.0965,31.665
